,dataset,summary
0,2019_01_positive,"The text discusses the importance of vaccination in preventing diseases, including outbreaks of measles and yellow fever. It emphasizes the urgency of getting vaccinated, particularly in light of recent surges in diseases once considered eradicated. It also criticizes anti-vaccination sentiments and stresses vaccination as a public health duty. Additionally, there are mentions of initiatives to make vaccination more accessible and effective, including digital certification for vaccinations. Ultimately, the message promotes the necessity of vaccines for personal and community health, urging individuals to protect themselves and others through immunization."
1,2019_02_positive,"The text discusses the importance of vaccinations in preventing diseases, highlighting the need for people to get vaccinated against yellow fever, measles, and other illnesses. It emphasizes the societal responsibility of vaccination for personal and public health, mentioning various vaccination campaigns and initiatives, including the donation of vaccines to Venezuela. Additionally, the text touches on the stigma and misinformation surrounding vaccines, particularly among anti-vaccine advocates, and calls for increased awareness and education about the benefits of immunization."
2,2019_03_positive,"The text discusses the importance of vaccination in preventing diseases, particularly focusing on the meningitis C vaccine and combating misinformation regarding vaccines. It highlights the role of vaccines in public health, mentions the increased interest in vaccinations following the death of Lula's grandson from meningitis, and emphasizes the need for universal access to vaccines through the public health system (SUS) in Brazil."
3,2019_04_positive,"The text discusses various aspects of vaccination campaigns in Brazil, particularly the ""Vacina Brasil"" initiative launched by the government to combat vaccine misinformation and promote immunization against diseases like the flu and measles. It highlights the importance of vaccinations for public health, the ongoing campaigns targeting specific groups such as children, pregnant women, and the elderly, and encourages the community to stay informed and participate. It also addresses the challenges posed by anti-vaccine sentiments, emphasizing the necessity of vaccinations to prevent outbreaks and protect vulnerable populations."
4,2019_05_positive,"The Portuguese sentences discuss various vaccination campaigns in Brazil, particularly emphasizing the importance of vaccinations against diseases such as influenza and measles. They highlight government efforts to vaccinate large populations, the necessity of maintaining updated vaccination records, and the consequences of not vaccinating, including potential fines in Germany. Public health messaging stresses the safety and effectiveness of vaccines, aiming to combat misinformation about vaccinations. Additionally, there are calls for vaccination drives targeting vulnerable groups and reminders about ongoing campaigns."
5,2019_06_positive,"Recent updates highlight successful vaccination campaigns in Brazil, with many regions exceeding their targets for influenza immunizations, including Tarauaca and Alagoas achieving over 90% coverage. Vaccination against H1N1 is now available to the entire population, while Cuba has developed a groundbreaking lung cancer vaccine."
6,2019_07_positive,"The provided texts primarily discuss the importance of vaccination, particularly against diseases like measles, and the ongoing vaccination campaigns in Brazil. They highlight the rise in measles cases due to inadequate vaccination rates, emphasize the necessity of vaccinating children and young adults, and share personal experiences related to vaccinations. Additionally, there are mentions of vaccination against other diseases like HPV and rabies, and the societal impact of misinformation regarding vaccines. Overall, the texts advocate for public health awareness and participation in vaccination programs."
7,2019_08_positive,"The provided text discusses the importance of vaccinations, particularly against diseases like measles, and highlights various opinions about vaccination in Brazil. It mentions the need for people to vaccinate their children and pets, the government's vaccination campaigns, and the consequences of not vaccinating. There are references to specific vaccination events, public health alerts regarding outbreaks, and personal anecdotes about the vaccination experience. Overall, it emphasizes the significance of vaccines in preventing diseases and protecting public health."
8,2019_09_positive,"In Sao Paulo, children under one year old are the most vulnerable to measles, with fatalities reported. The Health Ministry recommends additional vaccinations. Many express condolences for the victims and emphasize the importance of vaccination, urging the public to utilize health services. Vaccines are free and crucial for public health."
9,2019_10_positive,"The text discusses various aspects of vaccination campaigns in Brazil, particularly focusing on the ongoing national vaccination campaign against measles. It emphasizes the importance of vaccinating children, highlighting the urgency due to rising measles cases. There are mentions of specific vaccination efforts, such as targeting children aged 6 months to 5 years, and the availability of vaccines through public health services. The text also addresses public attitudes toward vaccinations, including misinformation and the anti-vaccine movement, while underscoring the critical role of vaccines in preventing serious diseases and protecting public health."
10,2019_11_positive,"The text discusses a variety of vaccination topics, focusing on the historical context of the vaccine revolt in Brazil in 1904 and the ongoing vaccination campaigns against diseases like measles and yellow fever. It emphasizes the importance of vaccination for public health, highlights campaigns targeting specific age groups, and addresses misinformation about vaccines. The narrative also touches on personal experiences with vaccinations, urging people to get vaccinated and underscoring the collective responsibility to protect vulnerable populations."
11,2019_12_positive,"The text discusses the importance of vaccination, highlighting campaigns for pet adoptions, especially cats and dogs that are vaccinated and need homes. It emphasizes the necessity of vaccinations for children and pets, shares personal anecdotes about vaccination experiences, and mentions upcoming vaccination events. It also addresses the public's responsibility to vaccinate against diseases like measles and supports efforts against misinformation regarding vaccines."
